0,zhang san,0
1,zhang san,1
2,zhang san,2
3,zhang san,3
4,zhang san,4
5,zhang san,5
6,zhang san,6
7,zhang san,7
8,zhang san,8
9,zhang san,9
10,zhang san,10
11,zhang san,11
12,zhang san,12
13,zhang san,13
14,zhang san,14
15,zhang san,15
16,zhang san,16
17,zhang san,17
18,zhang san,18
19,zhang san,19
20,zhang san,20
21,zhang san,21
22,zhang san,22
23,zhang san,23
24,zhang san,24
25,zhang san,25
26,zhang san,26
27,zhang san,27
28,zhang san,28
29,zhang san,29
30,zhang san,30
31,zhang san,31
32,zhang san,32
33,zhang san,33
34,zhang san,34
35,zhang san,35
36,zhang san,36
37,zhang san,37
38,zhang san,38
39,zhang san,39
40,zhang san,40
41,zhang san,41
42,zhang san,42
43,zhang san,43
44,zhang san,44
45,zhang san,45
46,zhang san,46
47,zhang san,47
48,zhang san,48
49,zhang san,49
50,zhang san,50
51,zhang san,51
52,zhang san,52
53,zhang san,53
54,zhang san,54
55,zhang san,55
56,zhang san,56
57,zhang san,57
58,zhang san,58
59,zhang san,59
60,zhang san,60
61,zhang san,61
62,zhang san,62
63,zhang san,63
64,zhang san,64
65,zhang san,65
66,zhang san,66
67,zhang san,67
68,zhang san,68
69,zhang san,69
70,zhang san,70
71,zhang san,71
72,zhang san,72
73,zhang san,73
74,zhang san,74
75,zhang san,75
76,zhang san,76
77,zhang san,77
78,zhang san,78
79,zhang san,79
80,zhang san,80
81,zhang san,81
82,zhang san,82
83,zhang san,83
84,zhang san,84
85,zhang san,85
86,zhang san,86
87,zhang san,87
88,zhang san,88
89,zhang san,89
90,zhang san,90
91,zhang san,91
92,zhang san,92
93,zhang san,93
94,zhang san,94
95,zhang san,95
96,zhang san,96
97,zhang san,97
98,zhang san,98
99,zhang san,99
100,zhang san,100
101,zhang san,101
102,zhang san,102
103,zhang san,103
104,zhang san,104
105,zhang san,105
106,zhang san,106
107,zhang san,107
108,zhang san,108
109,zhang san,109
110,zhang san,110
111,zhang san,111
112,zhang san,112
113,zhang san,113
114,zhang san,114
115,zhang san,115
116,zhang san,116
117,zhang san,117
118,zhang san,118
119,zhang san,119
120,zhang san,120
121,zhang san,121
122,zhang san,122
123,zhang san,123
124,zhang san,124
125,zhang san,125
126,zhang san,126
127,zhang san,127
128,zhang san,128
129,zhang san,129
130,zhang san,130
131,zhang san,131
132,zhang san,132
133,zhang san,133
134,zhang san,134
135,zhang san,135
136,zhang san,136
137,zhang san,137
138,zhang san,138
139,zhang san,139
140,zhang san,140
141,zhang san,141
142,zhang san,142
143,zhang san,143
144,zhang san,144
145,zhang san,145
146,zhang san,146
147,zhang san,147
148,zhang san,148
149,zhang san,149
150,zhang san,150
151,zhang san,151
152,zhang san,152
153,zhang san,153
154,zhang san,154
155,zhang san,155
156,zhang san,156
157,zhang san,157
158,zhang san,158
159,zhang san,159
160,zhang san,160
161,zhang san,161
162,zhang san,162
163,zhang san,163
164,zhang san,164
165,zhang san,165
166,zhang san,166
167,zhang san,167
168,zhang san,168
169,zhang san,169
170,zhang san,170
171,zhang san,171
172,zhang san,172
173,zhang san,173
174,zhang san,174
175,zhang san,175
176,zhang san,176
177,zhang san,177
178,zhang san,178
179,zhang san,179
180,zhang san,180
181,zhang san,181
182,zhang san,182
183,zhang san,183
184,zhang san,184
185,zhang san,185
186,zhang san,186
187,zhang san,187
188,zhang san,188
189,zhang san,189
190,zhang san,190
191,zhang san,191
192,zhang san,192
193,zhang san,193
194,zhang san,194
195,zhang san,195
196,zhang san,196
197,zhang san,197
198,zhang san,198
199,zhang san,199
200,zhang san,200
201,zhang san,201
202,zhang san,202
203,zhang san,203
204,zhang san,204
205,zhang san,205
206,zhang san,206
207,zhang san,207
208,zhang san,208
209,zhang san,209
210,zhang san,210
211,zhang san,211
212,zhang san,212
213,zhang san,213
214,zhang san,214
215,zhang san,215
216,zhang san,216
217,zhang san,217
218,zhang san,218
219,zhang san,219
220,zhang san,220
221,zhang san,221
222,zhang san,222
223,zhang san,223
224,zhang san,224
225,zhang san,225
226,zhang san,226
227,zhang san,227
228,zhang san,228
229,zhang san,229
230,zhang san,230
231,zhang san,231
232,zhang san,232
233,zhang san,233
234,zhang san,234
235,zhang san,235
236,zhang san,236
237,zhang san,237
238,zhang san,238
239,zhang san,239
240,zhang san,240
241,zhang san,241
242,zhang san,242
243,zhang san,243
244,zhang san,244
245,zhang san,245
246,zhang san,246
247,zhang san,247
248,zhang san,248
249,zhang san,249
250,zhang san,250
251,zhang san,251
252,zhang san,252
253,zhang san,253
254,zhang san,254
255,zhang san,255
256,zhang san,256
257,zhang san,257
258,zhang san,258
259,zhang san,259
260,zhang san,260
261,zhang san,261
262,zhang san,262
263,zhang san,263
264,zhang san,264
265,zhang san,265
266,zhang san,266
267,zhang san,267
268,zhang san,268
269,zhang san,269
270,zhang san,270
271,zhang san,271
272,zhang san,272
273,zhang san,273
274,zhang san,274
275,zhang san,275
276,zhang san,276
277,zhang san,277
278,zhang san,278
279,zhang san,279
280,zhang san,280
281,zhang san,281
282,zhang san,282
283,zhang san,283
284,zhang san,284
285,zhang san,285
286,zhang san,286
287,zhang san,287
288,zhang san,288
289,zhang san,289
290,zhang san,290
291,zhang san,291
292,zhang san,292
293,zhang san,293
294,zhang san,294
295,zhang san,295
296,zhang san,296
297,zhang san,297
298,zhang san,298
299,zhang san,299
300,zhang san,300
301,zhang san,301
302,zhang san,302
303,zhang san,303
304,zhang san,304
305,zhang san,305
306,zhang san,306
307,zhang san,307
308,zhang san,308
309,zhang san,309
310,zhang san,310
311,zhang san,311
312,zhang san,312
313,zhang san,313
314,zhang san,314
315,zhang san,315
316,zhang san,316
317,zhang san,317
318,zhang san,318
319,zhang san,319
320,zhang san,320
321,zhang san,321
322,zhang san,322
323,zhang san,323
324,zhang san,324
325,zhang san,325
326,zhang san,326
327,zhang san,327
328,zhang san,328
329,zhang san,329
330,zhang san,330
331,zhang san,331
332,zhang san,332
333,zhang san,333
334,zhang san,334
335,zhang san,335
336,zhang san,336
337,zhang san,337
338,zhang san,338
339,zhang san,339
340,zhang san,340
341,zhang san,341
342,zhang san,342
343,zhang san,343
344,zhang san,344
345,zhang san,345
346,zhang san,346
347,zhang san,347
348,zhang san,348
349,zhang san,349
350,zhang san,350
351,zhang san,351
352,zhang san,352
353,zhang san,353
354,zhang san,354
355,zhang san,355
356,zhang san,356
357,zhang san,357
358,zhang san,358
359,zhang san,359
360,zhang san,360
361,zhang san,361
362,zhang san,362
363,zhang san,363
364,zhang san,364
365,zhang san,365
366,zhang san,366
367,zhang san,367
368,zhang san,368
369,zhang san,369
370,zhang san,370
371,zhang san,371
372,zhang san,372
373,zhang san,373
374,zhang san,374
375,zhang san,375
376,zhang san,376
377,zhang san,377
378,zhang san,378
379,zhang san,379
380,zhang san,380
381,zhang san,381
382,zhang san,382
383,zhang san,383
384,zhang san,384
385,zhang san,385
386,zhang san,386
387,zhang san,387
388,zhang san,388
389,zhang san,389
390,zhang san,390
391,zhang san,391
392,zhang san,392
393,zhang san,393
394,zhang san,394
395,zhang san,395
396,zhang san,396
397,zhang san,397
398,zhang san,398
399,zhang san,399
400,zhang san,400
401,zhang san,401
402,zhang san,402
403,zhang san,403
404,zhang san,404
405,zhang san,405
406,zhang san,406
407,zhang san,407
408,zhang san,408
409,zhang san,409
410,zhang san,410
411,zhang san,411
412,zhang san,412
413,zhang san,413
414,zhang san,414
415,zhang san,415
416,zhang san,416
417,zhang san,417
418,zhang san,418
419,zhang san,419
420,zhang san,420
421,zhang san,421
422,zhang san,422
423,zhang san,423
424,zhang san,424
425,zhang san,425
426,zhang san,426
427,zhang san,427
428,zhang san,428
429,zhang san,429
430,zhang san,430
431,zhang san,431
432,zhang san,432
433,zhang san,433
434,zhang san,434
435,zhang san,435
436,zhang san,436
437,zhang san,437
438,zhang san,438
439,zhang san,439
440,zhang san,440
441,zhang san,441
442,zhang san,442
443,zhang san,443
444,zhang san,444
445,zhang san,445
446,zhang san,446
447,zhang san,447
448,zhang san,448
449,zhang san,449
450,zhang san,450
451,zhang san,451
452,zhang san,452
453,zhang san,453
454,zhang san,454
455,zhang san,455
456,zhang san,456
457,zhang san,457
458,zhang san,458
459,zhang san,459
460,zhang san,460
461,zhang san,461
462,zhang san,462
463,zhang san,463
464,zhang san,464
465,zhang san,465
466,zhang san,466
467,zhang san,467
468,zhang san,468
469,zhang san,469
470,zhang san,470
471,zhang san,471
472,zhang san,472
473,zhang san,473
474,zhang san,474
475,zhang san,475
476,zhang san,476
477,zhang san,477
478,zhang san,478
479,zhang san,479
480,zhang san,480
481,zhang san,481
482,zhang san,482
483,zhang san,483
484,zhang san,484
485,zhang san,485
486,zhang san,486
487,zhang san,487
488,zhang san,488
489,zhang san,489
490,zhang san,490
491,zhang san,491
492,zhang san,492
493,zhang san,493
494,zhang san,494
495,zhang san,495
496,zhang san,496
497,zhang san,497
498,zhang san,498
499,zhang san,499
500,zhang san,500